{"cameraMode":{"drawMode":0,"name":"Shaded","section":"Shading Mode"},"sceneLighting":true,"audioPlay":false,"sceneViewState":{"showFog":true,"showMaterialUpdate":true,"showSkybox":true,"showFlares":true,"showImageEffects":true,"showParticleSystems":true},"in2DMode":false,"pivot":{"x":-0.03859875723719597,"y":4.266334056854248,"z":-1.2439485788345338},"rotation":{"x":-0.1327778548002243,"y":0.44001343846321108,"z":-0.06596587598323822,"w":-0.8856685161590576},"size":9.334341049194336,"orthographic":false}