{"cameraMode":{"drawMode":0,"name":"Shaded","section":"Shading Mode"},"sceneLighting":true,"audioPlay":false,"sceneViewState":{"showFog":true,"showMaterialUpdate":true,"showSkybox":true,"showFlares":true,"showImageEffects":true,"showParticleSystems":true},"in2DMode":false,"pivot":{"x":1.5688164234161378,"y":6.162177562713623,"z":10.113679885864258},"rotation":{"x":-0.10511210560798645,"y":0.008051515556871891,"z":-0.0008508397149853408,"w":-0.9944285750389099},"size":9.334341049194336,"orthographic":false}