{"cameraMode":{"drawMode":0,"name":"Shaded","section":"Shading Mode"},"sceneLighting":true,"audioPlay":false,"sceneViewState":{"showFog":true,"showMaterialUpdate":true,"showSkybox":true,"showFlares":true,"showImageEffects":true,"showParticleSystems":true},"in2DMode":false,"pivot":{"x":1.5886421203613282,"y":3.892759323120117,"z":0.45065784454345705},"rotation":{"x":-0.14641568064689637,"y":0.3800235390663147,"z":-0.06105881929397583,"w":-0.9112727642059326},"size":9.334341049194336,"orthographic":false}