{"cameraMode":{"drawMode":0,"name":"Shaded","section":"Shading Mode"},"sceneLighting":true,"audioPlay":false,"sceneViewState":{"showFog":true,"showMaterialUpdate":true,"showSkybox":true,"showFlares":true,"showImageEffects":true,"showParticleSystems":true},"in2DMode":false,"pivot":{"x":2.3597404956817629,"y":4.932724952697754,"z":-2.0870521068573},"rotation":{"x":-0.15319223701953889,"y":-0.416156530380249,"z":0.07135502994060517,"w":-0.893451452255249},"size":10.903192520141602,"orthographic":false}